ID,Title,Author,Trick_Summary,Label
A-01,黄色い部屋の謎,G・ルルー,犯人が「捜査指揮官」という社会的権威を演じつつ、過去の犯行時には「被害者の衣服とカツラ」を着用し、目撃者の目前で被害者の生存を演じ分けた。追う者と追われる者の役職の重複による心理的盲点と、視覚的な先入観を利用した一人二役。,1
A-02,恐怖の谷,C・ドイル,死体の顔面を銃器で損傷させ、自分の指輪と衣服を転送。社会的・法的に「自分は死亡した被害者」という役割を確定させ、物理的には屋敷内の「隠し部屋（建築的死角）」に潜伏する。死者と生者の身分を分断した、物理的装置を伴う成りすまし。,1
A-03,そして誰もいなくなった,A・クリスティー,医師という専門家による「偽の死亡診断」を小道具とし、額に赤泥の銃創を偽装して「死体」を演じた。周囲が「死者は犯行不能」と信じ込む心理的盲点を利用し、生存した真犯人と死体という二つの物理的状態を時間差で使い分けた。,1
A-04,姿なき犯人,F・W・クロフツ,自分と体格が酷似した男を殺害し、その死体を「自分の遺体」として検視させる身代わり工作。あらかじめ用意した別名の戸籍と変装（眼鏡、髭、歩き方）により、過去の自分を消去し、別人としてのアリバイを永続的に構築した社会的身分の二役。,1
A-05,白衣の女,W・コリンズ,外見の類似性を利用し、精神病患者の女性と資産家の女性を物理的に入れ替える。一方が死亡した際にその事実を隠蔽、生存者の名前を死者のものと書き換えることで、社会的な身分を強奪。外見のコピーと書類上の偽装による一人二役。,1
A-06,パノラマ島奇談,江戸川乱歩,死んだ富豪と瓜二つの男が、墓から蘇った「奇跡」を演じる。髭の剃り跡や声色、指の癖、共有された過去の記憶を徹底的に再現。近親者さえも欺く「身体的特徴の完全コピー」と「死からの帰還」という物語性を利用したなりすまし。,1
A-07,双生児,江戸川乱歩,一人の男が容姿が同一の双子の兄弟を殺害。「生きている自分が死んだ」と見せかけるため、衣服と所持品を死体に転送。死体として発見される自分と、別人として活動する自分の二役を、鏡像のような血縁関係を利用して成立させた。,1
A-08,赤い館の秘密,A・A・ミルン,殺害現場で目撃された「被害者」の背中が、実は犯人の変装。本物の死体はあらかじめ別の場所に隠匿済み。目撃者が「被害者が生きている」と確信した瞬間に、犯人と被害者の役割を物理的に入れ替えていた視覚的ミスディレクション。,1
A-09,屍体は語る,R・A・フリーマン,被害者の靴を履き、泥土に意図的な歩幅の足跡を刻印。さらに被害者のコートを羽織って遠景から「生存中の被害者」として目撃させる。遺体となった事実と、目撃された虚構の生存を使い分けることで、死亡推定時刻を操作した一人二役。,1
A-10,アッシャー家の崩壊,E・A・ポー,仮死状態で棺に納められた妹が、血まみれの衣装で地下室から生還。家系的な恐怖心という心理的盲点を突き、「死んだはずの親族の亡霊」という役割を肉体を持って演じた。一人の人間による、死と生の境界を曖昧にする怪奇的演出。,1
A-11,トレント最後の事件,E・C・ベントリー,被害者が自殺直前に、格闘の物音を立て、二人の人間の会話を一人で自演。「襲撃される被害者」と「加害者」の音響的二役。自分を死の瞬間の目撃対象とすることで、特定の第三者に殺人の濡れ衣を着せる自作自演工作。,1
A-12,放たれた猛犬,R・スタウト,自分に脅迫状を送り、自分が狙われている「悲劇のターゲット」を熱演。警察に保護を求めることで、自分が加害者になり得ないという強力な心理的障壁を構築。真の標的を殺害する際、被害者という役割を盾にして疑いを回避した二役。,1
A-13,赤毛連盟,C・ドイル,かつら、眼鏡、特殊な顔料で変装し、架空の「赤毛連盟の事務員」を自演。店員という本来の役割と、事務員という虚構の役割を時間で分断。ターゲットを店から遠ざけ、その隙に地下道を掘る作業時間を確保するための戦略的ななりすまし。,1
A-14,唇のねじれた男,C・ドイル,ドーランによる顔面の変形と、ボロ布の衣装で「醜い乞食」を演じる。社会的地位の高い紳士と、路上の乞食という、視覚的・社会的落差を最大化。誰にも同一人物と疑われない状況を作り、二重生活による秘密の収益を得た身分偽装。,1
A-15,ジキル博士とハイド氏,スティーヴンソン,化学薬品による細胞変化で、身長、声、容貌を劇的に変貌させる。道徳的な「ジキル」と、邪悪な「ハイド」という、精神と肉体の両面における完全な分離。物理的・生物学的な変身を伴う究極の一人二役構造。,1
A-16,見えない男,G・K・チェスタトン,郵便配達夫という、社会的役割により「風景」と化した存在を演じる。犯行の瞬間の前後で、制服と郵便鞄という小道具を装着し、公的な役割を遂行。人々が「郵便屋」という記号しか見ない心理的盲点を利用した一人二役。,1
A-17,通路の男,G・K・チェスタトン,巨大な鏡を通路の角に配置。光の反射を利用し、目撃者に「向こうから別人が近づいてくる」と錯覚させた。実際には鏡に映った自分の鏡像を見せており、現場に存在しない第三者の存在を視覚的に投影した一人二役。,1
A-18,二輪馬車の謎,F・ヒューム,馬車の御者に完璧に変装。客を乗せた密室内で殺害後、御者として現場を立ち去る。後に「忽然と消えた御者」を捜索させることで、真犯人である自分の社会的アイデンティティへの追及を遮断した、変装によるアイデンティティの分断。,1
A-19,十三番目の椅子,B・ヴェイラー,降霊術の暗闇と音響装置、燐光を用いて「死者の霊」という架空のキャラクターを自演。参加者が超常現象の演出に固執している隙に、一人の物理的な人間として背後から刺殺を実行。オカルト的な役回りと現実の殺人者の役回りの両立。,1
A-20,魔術師,江戸川乱歩,複数の衣装とメイクを使い分け、「不気味な老人」と「無垢な青年」を演じ分ける。複数のターゲットに異なる人物として接触し、復讐を遂行。同一犯であることを隠蔽するために、一人の人間が劇団のように多役をこなしたなりすまし工作。,1
A-21,吸血鬼,江戸川乱歩,ゴム製の仮面とリバーシブル衣装により、数秒で別人へと変身。被害者の目前で「人物A」が消えて「人物B」が現れる消失・出現現象を演出。人間という物理的連続性を、視覚的な変貌によって切断した一人二役の奇術的応用。,1
A-22,黄金仮面,江戸川乱歩,「黄金仮面」という派手な衣装の象徴を演じ、警察の注意を一箇所に固定。その裏で変装を解除し「無名の一般人」として包囲網を脱出。人々の記憶に残る強烈なキャラクターと、記憶に残らない凡人の役割を使い分けた逃走用二役。,1
A-23,地獄の道化師,江戸川乱歩,道化師の衣装の下に、被害者の親族への変装を重ね着する多重変装。一枚の仮面が剥がれても、その下の「別の偽者」が現れる構造。真の素顔に到達させないための、タマネギの皮のような階層的成りすまし工作。,1
A-24,一寸法師,江戸川乱歩,小柄な体格を活かし、ある時は「陳列棚の置物」として無生物になりすまし、ある時は「生身の人間」として移動。物体のふりをする擬態の役割と、犯行を実行する能動的な役割を、特異な身体性で演じ分けた二役。,1
A-25,黒蜥蜴,江戸川乱歩,社交界の華「令嬢」と、犯罪結社の冷酷な首領「黒蜥蜴」を、声のトーン、衣装、立ち振る舞いで完全に分断。明智小五郎という観察者に対し、最も疑われにくい身分で接近し、その裏で犯罪を指揮する二重のアイデンティティ管理。,1
A-26,怪人二十面相,江戸川乱歩,老人、警官、美術商など、多種多様な社会的地位を完璧な変装術（顔色、声色、骨格の変化の演出）で演じる。一人の人間が不特定多数の「社会の歯車」になり代わることで、正体を完全に霧の中に隠した一人多役の典型。,1
A-27,青銅のランプの呪い,J・D・カー,玄関を通過した直後、リバーシブルの服やカツラで別人（召使いや客）に化ける。追跡者が「消えた一人」を探している間に、既に「そこにいる別の一人」として群れに紛れ込む。自分の存在を他人のカテゴリーに変換する二役。,1
A-28,ウィリアム・ウィルソン,E・A・ポー,外見、名前、声が自己と同一の「分身」の出現。鏡像的な存在による人生の侵食。自分自身の良心や罪悪感の擬人化としての二役。一人の精神が二つの肉体的な具現化を持つかのような、幻想的な自己分裂構造。,1
A-29,七つの鍵,E・D・ビガーズ,山荘の宿泊客全員が「偽の身分」を演じ、互いを欺き合う。弁護士、スパイ、記者の名刺や衣装を小道具とした、集団的な一人二役。物語の登場人物全員が、実体と虚像の二つの顔を使い分ける多重的ななりすまし劇。,1
A-30,月長石,W・コリンズ,夢遊病状態での無意識の行動。覚醒時の「宝石を盗まれて悲しむ自分」と、睡眠時の「宝石を隠す自分」の分断。一つの肉体の中に、意識の有無によって全く異なる目的を持つ二つの役回りが共存した、精神医学的な一人二役。,1
A-31,エドウィン・ドロードの謎,ディケンズ,失踪した若者の知人が、白髪のカツラと変装で謎の老人ダッチェリーを自演し、犯人を監視する。正体を知る読者には「変装した探偵役」と分かりつつ、作中人物には「見知らぬ老人」として通る、偵察目的の二役。,1
A-32,下宿人,M・B・ロウンス,日中は礼儀正しく静かな「理想的な店借人」として振る舞い、夜間は霧の中で「アベンジャー（殺人鬼）」を演じる。家庭内の安全な住人と、都市の脅威である犯罪者という、住宅という空間を境界とした二重生活工作。,1
A-33,影男,江戸川乱歩,使用人や清掃員など、人々の意識から消去される「影の職業」を演じて屋敷に潜入。被害者の至近距離で別人として生活し、その裏で殺人の準備と実行を行う。認識の死角を利用した、潜伏者と実行犯の二役並行。,1
A-34,人間椅子,江戸川乱歩,巨大な椅子の内部に空洞を作り、物理的に「椅子（家具）」として生活。座る人の重みを感じる受動的な家具の役割と、夜間に抜け出して盗みを行う能動的な人間の役割。物体への擬態を伴う、究極の異常な一人二役。,1
A-35,緑衣の鬼,江戸川乱歩,全身緑色の不気味な衣装とマスクで、超自然的な「鬼」という怪物を自演。恐怖による目撃者のパニックを利用し、捜査を合理的な推論から逸らす。怪奇現象の演出家と、その隙に利得を得る犯罪者の二役。,1
A-36,蜘蛛男,江戸川乱歩,多彩な職業の変装を連続させ、被害者の周囲に「無数の別人」として現れる。相手の神経を摩耗させるために、一人の人間が複数のエキストラを自演し続け、ターゲットを精神的に追い詰める包囲網としての一人多役。,1
A-37,ボヘミアの醜聞,C・ドイル,御者や老牧師に完璧に変装。弱々しい老人という「保護すべき対象」を演じることで、ターゲットの懐に深く潜入し、警戒心を解除させる。情報収集を目的とした、心理的死角を突くための戦略的一人二役。,1
A-38,チャールズ・オーガスタス・ミルヴァートン,C・ドイル,下層階級の職人に成りすまし、悪党の家のメイドと婚約まで交わす。証拠奪還のために数週間にわたり別の社会的アイデンティティを完全に維持した、社会的カメレオンとしての一人二役。,1
A-39,フランシス・カーファックス姫の失踪,C・ドイル,善良な聖職者夫婦という架空のキャラクターを、小道具（聖書、服装）と演技で構築。信頼を勝ち取った裏で、女性を誘拐・監禁する冷酷な略奪者として活動。信仰という盾を利用した、表裏の激しい二役。,1
A-40,空き家の冒険,C・ドイル,窓際に設置した蝋人形に、影の動きを物理的に与えることで「室内のホームズ」を演出。自分は屋外の暗がりに潜伏し、「狙われる獲物」と「狙う猟師」の二つの立ち位置を空間的に分断した視覚的な二役。,1
A-41,火刑法廷,J・D・カー,肖像画の毒殺犯に酷似した容姿を活かし、夜間の窓越しに「魔女の亡霊」を演じる。肖像画と同じ衣装を小道具とし、超常現象の再来を信じ込ませる。論理的な捜査を迷信的な恐怖で封じ込めるための、亡霊役と真犯人役の並立。,1
A-42,盲目の理髪師,J・D・カー,客船という閉鎖空間で、別人の身分証を奪って成りすます。追跡者（正義の味方）としての顔を見せながら、裏で別の犯罪を完遂。複数の事件が輻輳する中で、複数の偽名を使い分けたアイデンティティの二重・三重の交差。,1
A-43,嘲笑う後家,J・D・カー,「自分を脅迫する謎の男」という虚構の人物を演じ、自ら脅迫状を送付。自分を「脅迫に怯える悲劇の相談者」という役割に固定することで、周囲の疑いを自分から逸らした、極めて知的な自作自演工作。,1
A-44,曲がった蝶ヒンジ,J・D・カー,過去に死亡したはずの相続人の再来を自演。しかし本物か偽物かの判断を物理的特徴（傷跡、記憶）の捏造で揺さぶる。一人の人間が、かつての自分と現在の自分という二つの時間軸のアイデンティティを巡って争う一人二役。,1
A-45,カナリア殺人事件,S・S・ヴァン・ダイン,蓄音機で被害者の悲鳴を再生し、自分は別室で遊んでいるアリバイを構築。機械装置（録音）に一人二役（被害者の声）の演技を代行させ、自分が現場にいなかったという時間を捏造した、テクノロジー利用型のアリバイ工作。,1
A-46,九つの答,J・D・カー,過去の罪に関連する本名を捨て、全く異なる名前で「徳の高い市民」を演じる。過去の自分を死んだ別人と定義し、現在の平和な自分を維持するために邪魔者を消去する。時間と社会的身分によって分断された一人二役。,1
A-47,幻の女,W・アイリッシュ,犯人が被害者に似た派手な衣装と帽子を纏い、わざと目撃される。目撃者の記憶に「その特徴的な服」だけを強烈に焼き付けた後、衣装を破棄して存在を消し去る。実在しない「幻の女」という役割を自演した視覚的アリバイ工作。,1
A-48,ルパン対ホームズ,M・ルブラン,建築家、鑑定士、警部など、高度な専門知識を要する社会的役割を完璧な演技と変装で使い分ける。相手の専門性に付け入る演技により、自分の正体を完璧に隠匿し続けた、プロフェッショナルな変装による一人多役。,1
A-49,水晶の栓,M・ルブラン,表の顔は清廉な政治家、裏の顔は極悪非道な犯罪組織の首領。二つの対極にある社会的権威を、場所と連絡手段によって完全に制御。ルパンを公権力と裏社会の両面から追い詰めるための、完璧な組織的一人二役。,1
A-50,死の抱擁,S・S・ヴァン・ダイン,歩行困難な「重病の老人」という偽の姿を数ヶ月にわたり演じる。物理的に犯行が不可能であるという先入観を周囲の脳内に定着させ、完全な不在証明を確保。身体的制限を演技で捏造した、忍耐強いなりすまし。,1
A-51,ノーウッドの建築家,C・ドイル,自分の死を偽装し、屋敷の隠し部屋に隠遁。死者としての「不在」と、隠し部屋から出て証拠を捏造する「生存者」の二役。自分を殺害した犯人として無実の青年を陥れるための、屋敷という空間を利用した一人二役狂言。,1
A-52,空き家の冒険（蝋人形）,C・ドイル,窓際の蝋人形の影を定期的に動かし、そこにホームズが座っているという「生きた標的」を自演。自分は屋外で敵を待ち伏せ、囮としての自分と捕獲者としての自分の二つの存在を、物理的に分断した一人二役。,1
A-53,時計を持った男,C・ドイル,急電車の密室内で瞬時に変装を変え、目撃されるたびに異なる乗客（老人、若者、女等）として振る舞う。電車の移動という遮断された環境を使い、実際には存在しない複数の乗客が同乗していたかのように偽装した一人二役。,1
A-54,秘密 of the 庭,G・K・チェスタトン,捜査責任者の署長本人が犯人。殺害を実行する「犯人の顔」と、それを正義の名の下に捜査する「公権力の顔」を使い分け。捜査情報を内側から操作するために、同じ事件の対極にある二つの役回りを同時に遂行した。,1
A-55,火刑法廷（歴史）,J・D・カー,過去の毒殺犯の肖像画を再現した衣装とメイクを施し、夜間の窓越しに「魔女の亡霊」として出現。肖像画と同じ小道具を用いることで超常現象を確信させ、捜査官の論理的思考を麻痺させた、亡霊役と犯人役の心理的な二役。,1
A-56,奇岩城,M・ルブラン,高名な老教授や学生に化け、ルパンを捕まえるための「捜査協力者」として警察に深く食い込む。自分の正体を自分で追い詰めるふりをし、捜査を内側から制御する、メタ的な役割を伴うなりすまし。,1
A-57,ルパンの告白,M・ルブラン,「困り果てた被害者」や「たまたま居合わせた善意の目撃者」を自演。事件のシナリオを自分の望む方向へ誘導するために、警察に自ら通報し、無関係な第三者として事件に関与する一人二役の物語構成。,1
A-58,黒蜥蜴,江戸川乱歩,社交界の令嬢として完璧に溶け込む一方で、誘拐を指揮する冷酷な首領「黒蜥蜴」の役割を保持。カツラ、衣装、声色を使い分け、華やかな表の顔と、暗黒街の顔という対照的な二役を同一地域で成立させた成りすまし。,1
A-59,蜘蛛男,江戸川乱歩,老紳士、職人、被害者の友人などに次々と変装を変え、ターゲットの生活圏に常に「別人」として現れる。ターゲットに安心と恐怖を交互に与えるために、一人の人間が複数のエキストラを熱演し続けた、精神攻撃型の一人多役。,1
A-60,青列車の秘密,A・クリスティー,被害者のメイドに変装し、死体発見後も「奥様はまだお休みです」と虚偽の証言。被害者がまだ生存しているという時間を偽装し、その間に自分が疑われない安全な場所に移動するためのアリバイ工作。時間と身分の入れ替え。,1
A-61,愛国殺人,A・クリスティー,過去に死んだはずの男が、他人の名前を騙り社会的成功を収める。現在の「立派な紳士」としての地位を守るため、過去の自分を知る者を抹殺。過去の自分という別人との対決と隠蔽を目的とした一人二役。,1
A-62,白昼の悪魔,A・クリスティー,共犯夫婦が、一人が衆人環視でアリバイ工作をし、もう一人が変装して殺害。後にその役割を入れ替えることで、二人が同時に存在したかのような錯覚を生む、チームによる一人の役割の分散工作。,1
A-63,パドリントン発4時50分,A・クリスティー,医師という信頼ある身分を悪用。死体処理中に発見されそうになると、専門用語を使って「緊急の医療処置」であると堂々と偽装し、目撃者の疑念を瞬時に解いた。社会的地位を盾にした、犯人と医師の二役。,1
A-64,大いなるなりすまし,E・P・オッペンハイム,容姿の似た二人が入れ替わり、一方が他方を殺害。その人物の家族や友人を欺き、完全になり代わって生活。社会的身分、家庭内の役割、スパイとしての任務という全てのレイヤーを乗っ取った極限の成りすまし。,1
A-65,赤い館の秘密,A・A・ミルン,死んだはずの被害者が実は加害者で、死体は別人のもの。目撃者が「死者」と「犯人」の役割を物理的に逆転して認識するように仕向けた。現場の死体配置と、生存者の目撃タイミングを利用した構造的一人二役。,1
A-66,樽,F・W・クロフツ,複数の共犯者が同じ人物に変装し、異なる場所で目撃される。一人の人間が物理的に不可能な距離を移動したかのようにアリバイを捏造し、一人のアイデンティティを複数人で共同管理した、アリバイ特化の一人二役。,1
A-67,赤毛のレディ,M・ルブラン,美しい貴族の女性に変装して社交界に潜入。完璧なマナーと洗練された会話で全員を幻惑し、本物の令嬢だと確信させた。誰もいない隙に金庫を開けるという、社交家と盗賊の二役。外見の魅力を小道具とした成りすまし。,1
A-68,ギリシャ語通訳,C・ドイル,拉致被害者の顔にテープを貼り、別人に偽装。その状態で第三者に「通訳が必要な異国人」として接見させ、真の身分を隠蔽。被害者に別の役割を強制的に演じさせることで、事件を隠蔽した変則的一人二役。,1
A-69,放たれた猛犬（自演）,R・スタウト,「自分を殺そうとする刺客がうろついている」と警察に偽通報。自分が「次の犠牲者（ターゲット）」であるという偽の役割を熱演し、その騒動の中で本命を安全に仕留めた。被害者役と加害者役の自作自演。,1
A-70,カナリア殺人事件（録音）,S・S・ヴァン・ダイン,蓄音機で被害者の悲鳴や会話を再生。ドアの外の証人に「殺人は起きていない」と思わせ、機械に一人二役（被害者と犯人）の演技を代行させた。自分は別の場所で完璧なアリバイを確保した、音響装置による偽装。,1
A-71,九つの答（偽名）,J・D・カー,過去の重大事件の当事者であることを隠し、全く別の名前で新しい人生を構築。過去の「名前」を別人として切り離し、現在の善良な市民という役割を守るために邪魔者を消去。社会的な二つの顔の分断工作。,1
A-72,幻 of the 女（視覚）,W・アイリッシュ,非常に派手で目立つ衣装と帽子を纏い、わざと衆人の記憶に残るように歩く。記憶に「衣装」だけを焼き付けた後、衣装を破棄。後に普通の服で行動することで、存在しない架空の人物を作り上げた、衣装という小道具による二役。,1
A-73,化鳥,泉鏡花,人間が異形の怪物や鳥のふりをして出現。衣装や奇妙な動き、特殊な鳴き真似により、目撃者の精神状態を揺さぶり、それを超自然的な現象だと誤認させる。人外を演じるという、極めて感覚的な変装の一人二役。,1
A-74,地獄 of the 道化師,江戸川乱歩,無機質な道化師の仮面の下に、被害者の親愛なる人物への完璧な変装を隠す。仮面の非現実的な恐怖と、素顔（偽）の親近感という二つの対極にある心理的役割を使い分けた、多層構造の成りすまし。,1
A-75,盲目の理髪師,J・D・カー,船内の混乱中に他人の衣服と身分証を奪って成り代わる。追跡者としての顔を前面に出しながら、裏で別の犯罪を完遂。閉鎖空間における身分の流動性を利用し、複数の役割を同時並行でこなした一人二役。,1
A-76,ウィリアム・ウィルソン,E・A・ポー,容姿、名前、声が自己と同一の「分身」の出現。鏡像的な存在による人生の侵食。自分自身の良心や罪悪感の擬人化としての二役。一人の精神が二つの肉体的な具現化を持つかのような、幻想的な自己分裂構造。,1
A-77,虎の牙,M・ルブラン,実在の貴族ペレンナになり代わる。莫大な遺産の相続人として名乗りを上げ、自ら探偵として事件を解決しながら、自分の利権を確保する二役。公的身分の奪取と、解決者という役割の統合。,1
A-78,奇巌城（メタ）,M・ルブラン,警察の協力者として別名で接近。犯人である自分を捕まえるためのヒントを出しながら、捜査を自分の望む方向へとミスリードする自己完結的な二役。探偵と犯人の役割を同時にこなし、捜査をコントロールした。,1
A-79,肉親の絆,J・テイ,死んだはずの長男の帰還を装う青年。家族の記憶にある特徴を学習し、心理的な揺さぶりをかける。周囲が「本人の再来」と言わざるを得ない状況を作り出す、記憶のコピーと外見の模倣による高度な成りすまし。,1
A-80,判事の鏡,G・K・チェスタトン,鏡の角度を調整し、目撃者が廊下を見た際、鏡に映った自分を「角を曲がって逃げる別人」であると誤認させる。光学的トリックを使い、自分の姿を第三者のものとして投影した、視覚的・空間的な一人二役。,1
A-81,金縁の鼻眼鏡,C・ドイル,死んだと思わせ、実際には屋敷内の隠し書棚の裏に潜伏。物理的な「不在」を演出しつつ、屋敷内で生存し続ける。協力者による情報操作で存在を消した、屋敷の構造的死角を利用した一人二役。,1
A-82,マザリンの宝石,C・ドイル,バイオリン演奏のレコードを蓄音機で流し、別室に自分がいると思わせる。その隙に変装して部屋を抜け出し、敵の背後に回る。機械装置による替え玉を利用し、空間的な存在を二箇所に分裂させたアリバイ工作。,1
A-83,瀕死の探偵,C・ドイル,特殊メイク（顔色）と絶食により、致命的な病に冒された患者を完璧に演じる。親しいワトソンさえ欺く演技で犯人を現場に誘い出し、油断したところを現行犯で捕らえた、潜入と誘い出しを目的とした一人二役。,1
A-84,赤毛のレディ（身分）,M・ルブラン,高名な貴族の娘に変装し、社交界に現れる。洗練された立ち振る舞いで有力者たちを信用させ、誰もいない隙に金庫を開ける。華やかな社交家の顔と、冷静な盗賊の裏の顔を両立させた、衣装と演技による身分偽装。,1
A-85,ルパンの帰還,M・ルブラン,監獄に収監されているルパンが、自分と似た囚人と入れ替わる。自分が檻の中にいるという「公式記録」を維持しながら、実は外で犯行を行っていた。監獄の内外という、物理的に相容れない二つの場所での一人二役。,1
A-86,黄金仮面（大鳥）,江戸川乱歩,美術商「大鳥幾弥」に変装し社交界に潜入。明智小五郎と対峙しながら、歴史的な秘宝を狙う怪盗と、紳士的な専門家の二役を演じ分けた。国際的怪盗と国内の知識人という二つのアイデンティティの使い分け。,1
A-87,塔上の奇術師,江戸川乱歩,マジックの技術を使い、一瞬で舞台上の自分と観客席にいる協力者を入れ替える。目撃者に「彼はあそこにいたから犯行は不可能だ」と確信させる視覚的演出。自分の物理的な位置を錯覚させた一人二役。,1
A-88,怪人二十面相（信頼）,江戸川乱歩,小学校の校長に変装。全校生徒や教師の前で訓示を述べ、誰もが尊敬する役割を果たしながら、その直後に金庫から宝石を奪う。公的信頼と高い社会的地位を利用した、大胆極まりないなりすまし。,1
A-89,青銅の魔人,江戸川乱歩,巨大なロボットの内部に潜み、人間離れした動きをする「魔人」を演じる。中から出れば普通の人間として活動できるため、非現実的な怪物の犯罪と、日常的な人間の生活を物理的に分立させた二役工作。,1
A-90,宇宙怪人,江戸川乱歩,光る衣装と異言を使い「宇宙人」という架空のキャラクターを演じる。科学捜査を混乱させる非現実的な役割と、その陰で美術品を盗み出す冷酷な泥棒としての役割。未知への恐怖を利用した心理的変装。,1
A-91,灰色の巨人,江戸川乱歩,竹馬や着ぐるみを使い、身長3メートルを超える巨人を自演。人間には不可能な身体的特徴（足跡の幅、視点の高さ）を演出。現場に残る物理的証拠を捏造することで、捜査官を混乱させた異常な変装工作。,1
A-92,夜光人間,江戸川乱歩,蛍光塗料の衣装で、暗闇で発光する人間を演じる。目撃者の注意をその視覚効果に釘付けにし、その隙に光のない場所で物理的な移動や犯行を実行。光と影をコントロールした、視覚情報の使い分けによる二役。,1
A-93,魔法博士,江戸川乱歩,科学的に不可能な現象を実演する「魔法使い」を熱演。その正体は精巧な物理トリックと一人二役の入れ替わり。超常的な力を持つ者という虚構を演じきり、人々の理性的な判断を封殺したなりすまし。,1
A-94,サーカスの怪人,江戸川乱歩,空中ブランコ乗り等に成りすまし、見事な芸で注目を集める。興行の裏側で、サーカスの移動ルートを利用して各地の財宝を盗み出す、スターと泥棒の二役。注目をアリバイに変換した工作。,1
A-95,魔人男,江戸川乱歩,長年行方不明だった被害者の身内に成りすまし、屋敷に潜入。最も無防備な場所から相手を観察し、復讐を完遂する。情愛という心理的バリアを利用し、加害者が保護対象のふりをした一人二役。,1
A-96,怪奇四十面相,江戸川乱歩,短時間のうちに十数人の異なる変装を連続。一人で劇団を演じるような多役を行い、警察に「犯人グループは大勢いる」と物理的な数で誤認させた。人数の制限を演技で突破した、数的偽装の一人二役。,1
A-97,鉄人Q,江戸川乱歩,鉄製ロボット（無生物）に擬態して博物館に潜入。夜間に中から抜け出して人間として活動し、犯行後は再びロボット内に戻って置物になりすます。無生物と生物という、存在の次元を跨いだ物理的二役工作。,1
A-98,黄金の豹,江戸川乱歩,豹の毛皮を纏い、四足歩行の演技で獣人を自演。人間には不可能な跳躍や壁登りを演出し、その正体が単なる人間であることを隠匿。身体能力の限界を偽装するための、野獣の皮を被った一人二役。,1
A-99,仮面の恐怖王,江戸川乱歩,常に仮面を被り正体不明の「恐怖王」を演じる。その正体は物語内の意外な人物であり、仮面を脱いだ時の「無害な善良な市民」という役割を社会的に維持。正体不明の怪物と、隣人という二つの役割の分立。,1
A-100,第三者の冒険,N・ベントリー,偶然出会った他人の「代役」を一時的に引き受ける。別人として行動し、他人の人生を演じることから、自分とは無関係なはずの巨大な陰謀に巻き込まれる。成り行きで他者のアイデンティティを背負った一人二役。,1
B-01,斑の紐,C・ドイル,隣室との壁に設置された「通気口」とベッドに繋がる「呼び鈴の紐」を物理的経路として利用。訓練された毒蛇を紐に沿って移動させる遠隔殺害。建物の構造的隙間と動物の習性を利用した機械的連動トリック。,0
B-02,ポプラ荘の怪事件,G・ルルー,ドアの閂（かんぬき）を、外部から「糸」と「針」を用いて操作。扉を閉めた後、隙間から糸を引くことで閂を定位置に落とし、物理的な密室を構築した。糸の張力と摩擦を利用した機械的ギミック。,0
B-03,黄色い部屋の謎（密室部）,G・ルルー,ドアの鍵を内側からかけた後、特殊な「細いレバー」または「バネ仕掛け」を隙間から差し込み、内部のボルトをスライドさせる。建物の建具の遊び（隙間）を物理的接点とした機械的操作。,0
B-04,十三の独房,J・フットレル,通気口、排水管、電線などの「既存の物理インフラ」を通信手段や脱出経路として再定義。監獄の構造的欠陥を突いた物理的脱出工作。物質の硬度差や摩擦を計算した脱獄ギミック。,0
B-05,ユダの窓（機械）,J・D・カー,ドアの「ピボット（支点）構造」を悪用。蝶番ではなく、重い木製ドアの回転軸を利用し、内側から施錠された状態を維持したまま扉全体を物理的に移動させる。建築工学的な盲点を突いた密室工作。,0
B-06,大きな弓の謎（物理）,I・ザングウィル,ドアの上部にある「扇窓（欄間）」の隙間から、細いワイヤーと針を使い、内側のボルトを操作。重力の作用を利用してボルトを落とし、外部からの物理的接触のみで内側からの施錠を完了させた機械的連動。,0
B-07,赤髪連盟（トンネル）,C・ドイル,質屋の地下から銀行の金庫室へ向けて、物理的に「水平・垂直方向の掘削」を実行。土壌の硬度と作業音の遮蔽を計算した空間的浸食。建物の配置関係を座標として捉えた物理的侵入工作。,0
B-08,そして誰もいなくなった（機械）,A・クリスティー,重力と弾性を利用した自動銃器。ドアの開閉と連動した「引き金の牽引装置」や、弾丸発射後に反動で凶器が隠れる仕掛け。人間が不在の状態で作動する、物理的な遅延実行ギミック。,0
B-09,青い十字架,G・K・チェスタトン,物体（飴の箱など）を別の物体と物理的に入れ替え、ラベルを貼り替えることで「内容物の認識」を操作。物体の質量や外見の同一性を利用した、物理的なカモフラージュと運搬工作。,0
B-10,魔術師（機械部）,江戸川乱歩,床板の一部が油圧またはバネによって上下する「昇降装置」を屋敷内に構築。重力に従わない物体の移動を演出することで、目撃者に超常的な消失と思わせる、舞台装置的な機械的ギミック。,0
B-11,蜘蛛男（建築）,江戸川乱歩,屋敷の壁面に隠された「旋回扉」や、二重構造の壁。特定の支点を押すことで物理的な回転運動が生じ、一瞬で通路が閉鎖される。建築物の幾何学的・機械的な可動部を利用した消失工作。,0
B-12,吸血鬼（隠し扉）,江戸川乱歩,鏡を角度45度で配置し、光の反射（屈折）を利用して通路を壁に見せかける。実際には開いている空間を閉鎖されていると誤認させる、光学的な物理トリック。鏡の反射率と照明角度の計算。,0
B-13,地獄の道化師（機械）,江戸川乱歩,滑車とワイヤーを用い、重量のある物体（死体等）を垂直方向に急速吊り上げ。視界の外へ物体を物理的に移動させ、瞬間的な消失を演出する。作用・反作用と重力を利用した機械的ギミック。,0
B-14,一寸法師（隠し場所）,江戸川乱歩,椅子の内部や壁の間にある、成人男性が入れない「極小の空隙」を収納スペースとして活用。物理的な体積計算と、人間が入れないという空間的先入観を利用した、死体や物の隠匿工作。,0
B-15,黒蜥蜴（罠）,江戸川乱歩,床が開閉し、地下の巨大な水槽へ落下させる重力連動型の落とし穴。特定のスイッチが支点となり、板の固定を解除する機械的連動。重力による自動的な位置エネルギーの変換を利用。,0
B-16,怪人二十面相（装置）,江戸川乱歩,磁石を用いた遠隔操作。壁の裏側から強力な電磁石を使い、内側の金属製ボルトをスライドさせる。非接触での物理的干渉による密室構築。磁力という物理現象を媒介とした機械工作。,0
B-17,青銅のランプ（物理）,J・D・カー,床板の「シーソー構造」。中心を支点とした回転運動により、重みがかかると床が反転し、物体を直下の階層へ移動させる。モーメントの原理を利用した、物理的な瞬間消失ギミック。,0
B-18,三つの柩,J・D・カー,ドアの外側から糸を回し、鍵穴に差し込まれた「鍵の頭」を回転させる。摩擦係数の高い糸と、回転トルクを計算した物理的操作。内部に人がいなくても内側から鍵をかけられる機械的手法。,0
B-19,密室の境界線,島田荘司,建物の「構造的な歪み」を利用。特定の気温や湿度の変化でドアがわずかに収縮し、通常は通らない隙間が生じる。熱膨張率という物理的性質を突いた、期間限定の物理的侵入経路。,0
B-20,占星術殺人事件,島田荘司,人体の断片を幾何学的に再構成。不足している部分を他の死体の部位で補い、複数の個体が揃っていると錯覚させる。空間的な体積の組み合わせと、視覚的な面積計算を利用した偽装工作。,0
B-21,斜め屋敷の犯罪,島田荘司,建物全体を傾斜させて建築。重力のベクトルを意図的に歪め、球体が予想外の方向へ転がる現象や、水平の誤認を誘発。位置エネルギーと座標系のずれを利用した物理的移動工作。,0
B-22,人形はなぜ殺される,高木彬光,死体の首を「物理的な糸」で切断。遠隔地から張力をかけることで、時間差で物体を切断・移動させる機械的機構。糸の強度と滑車の原理を用いた非対面式の物理的破壊。,0
B-23,刺青殺人事件,高木彬光,浴室の排水口と給水システムを利用した水位の調整。水圧を利用してドアの隙間を密封、あるいは水浮力を利用して重い障害物を移動させる。流体力学と重力を組み合わせた物理的密室ギミック。,0
B-24,蝶々殺人事件,横溝正史,コントラバスのケースという「既定の体積を持つ容器」を死体運搬に利用。物体の収納率と、輸送機関（鉄道）の振動を利用した隠匿。空間の再定義と物理的な運搬効率の計算。,0
B-25,獄門島（配置）,横溝正史,死体を木の枝に吊るす際、重力とロープの長さを計算。特定の角度から見た際に、背景の風景と死体が一体化するように配置する空間的カモフラージュ。遠近法と幾何学的配置による視覚工作。,0
B-26,本陣殺人事件,横溝正史,琴の弦（ワイヤー）と庭の石灯籠を利用した、凶器の自動回収装置。弾力性と重力による引き込みを利用し、発射後の凶器を密室外へ物理的に射出する。張力のベクトル計算に基づいた機械ギミック。,0
B-27,八墓村（物理）,横溝正史,鍾乳洞内の「音の反響」と「暗闇の死角」を物理的な隠れ家として利用。音波の反射特性と光の届かない座標を地図化し、捜査網から空間的に離脱する幾何学的潜伏工作。,0
B-28,悪魔の手毬唄,横溝正史,滝の落水による「水幕」の裏側に死体を配置。水の透明度と屈折、落下の加速度による視覚遮断を利用し、物理的には存在するが視覚的に不可視な空間を創出した光学的一時隠匿。,0
B-29,病院坂の首縊りの家,横溝正史,滑車を天井の梁に設置し、死体を垂直方向に移動。上下方向の座標移動により、発見時の状況を重力に反しているように見せかける。単純機械を用いた質量の位置エネルギー変換工作。,0
B-30,三首塔,横溝正史,塔の内部にある「螺旋階段」の死角と中心軸の空洞を利用。特定の角度からしか見えない垂直方向の空間を移動経路として確保。建築物の回転対称性と死角を組み合わせた空間的侵入。,0
B-31,樽（アリバイ）,F・W・クロフツ,貨物列車の「時刻表（タイムテーブル）」と「運行速度（加速度）」の厳密な計算。特定の区間を移動するのに必要な物理的時間を算出し、アリバイの空白時間を分単位で構築。時間・速度・距離の物理的方程式。,0
B-32,クロイドン発12時30分,F・W・クロフツ,航空機の巡航速度と、地上車両の移動速度の対比。座標AからBへの最短到達時間を、複数の交通手段を組み合わせたベクトルとして計算。物理的な移動限界を逆手に取ったアリバイ論理。,0
B-33,寝台急行の謎,F・W・クロフツ,列車の通過駅の「通過時刻」と、無線通信による情報伝達のタイムラグ。物理的な位置情報と時間軸を同期させ、殺害発生時の座標を偽装する。時間の線形性と地理的座標の同期トリック。,0
B-34,英仏海峡の謎,F・W・クロフツ,船舶の航行速度と潮流の影響を計算。特定の海域で死体を投棄した際の「漂流ベクトル」を予測し、発見場所と時間を操作。流体力学的な予測と時間軸の調整。,0
B-35,アリバイ（時間）,F・W・クロフツ,時計の「長針と短針の角度」を物理的に修正。ゼンマイの巻き戻しによる時間軸の逆転と、目撃者の記憶をその偽の時間に固定。機械的な時間表示装置の操作による論理的矛盾の創出。,0
B-36,毒入りチョコレート,A・バークリー,毒物の摂取から発症までの「化学的な反応時間（代謝速度）」の計算。摂取時刻と死亡時刻の間のタイムラグを逆手に取り、毒を盛ることが可能だった時間帯を論理的に排除した時間工作。,0
B-37,ABC殺人事件（時間）,A・クリスティー,連続殺人の「発生周期」を数学的に偽装。特定の法則性（A-B-C）を強調することで、各事件の間の空白時間をランダムなノイズに見せかけ、真の目的である特定の殺害時間を隠蔽する統計的偽装。,0
B-38,アクロイド殺害事件（時間）,A・クリスティー,録音装置による「声の再生」。過去の特定の瞬間の音波を、現在の時刻に出力。録音テープという記録媒体を用い、時間の流れを一時的に固定・反復させた、情報の時間的転送工作。,0
B-39,ナイルに死す（時間）,A・クリスティー,自傷行為による出血の偽装。赤いインクという「視覚的な記号」を血液と誤認させ、負傷が発生したとされる時刻を偽装。治療の所要時間という論理的制約を利用したアリバイ工作。,0
B-40,オリエント急行殺人事件,A・クリスティー,列車が雪崩で「停止」したことによる、時間軸の凍結。外部との物理的接触が断たれた空間で、全乗客の証言を同期させ、単一の時間軸を偽造。空間の閉鎖性を利用した時間の共謀的固定。,0
B-41,そして誰もいなくなった（時間）,A・クリスティー,死体の「腐敗速度」や「体温低下」という生理学的な時間指標を、氷を用いた冷却で操作。死後経過時間を物理的に遅延・加速させ、殺害実行時の時間的座標を隠蔽した、熱力学的時間工作。,0
B-42,青列車の秘密（時間）,A・クリスティー,列車の「停車時間」と「発車時刻」の厳密な管理。わずか数分の停車時間内に、特定の物理的移動（乗下車）を完了。交通機関の厳密なスケジュールを論理的な前提としたアリバイ工作。,0
B-43,白昼の悪魔（時間）,A・クリスティー,腕時計の文字盤を「太陽光」で反射させ、遠くの目撃者に偽の時刻を認識させる。光学的な反射と、人々の時間確認という習慣的な行動を同期させた、時間の遠隔操作工作。,0
B-44,パドリントン発（時間）,A・クリスティー,並走する列車の車窓という、移動する視点。相対速度による視覚的な一瞬の交差を、唯一の目撃時刻として固定。加速度と相対速度の物理的条件が生んだ、限定的な時間窓。,0
B-45,予告殺人（時間）,A・クリスティー,「停電」という物理現象をトリガーに、時間認識を一時的に断絶させる。暗闇の中での物音（音響現象）を時間の指標に変換し、実際の発砲時刻を前後させる。照明エネルギーの遮断を利用した時間工作。,0
B-46,皇帝の鼻煙壺（時間）,J・D・カー,時計のベルを鳴らす「自動装置」。設定した時間に物理的な打撃（打鐘）を発生させ、外部に「誰かがそこにいて操作した」と思わせる。時間の自動化による、人間の存在証明の偽造。,0
B-47,帽子収集狂事件,J・D・カー,死体発見までの「時間的遅延」。物体の配置やガスの充満速度を計算し、発見者が部屋に入る時間を物理的に制御。情報の伝達速度と、物理的障害物による行動抑制を組み合わせた時間工作。,0
B-48,緑のカプセルの謎,J・D・カー,「映画フィルム」のフレームレートを利用した時間の細分化。記録された映像内の動作時間を、フィルムの回転速度（周波数）で検証し、物理的な行動限界を論理的に証明。記録媒体のサンプリング速度の利用。,0
B-49,火刑法廷（時間）,J・D・カー,「日時計」の影の角度。太陽の南中高度と座標から、特定の時刻の影の長さを幾何学的に計算。影という物理現象を時間の指標として採用し、目撃証言の矛盾を論理的に突く。,0
B-50,盲目の理髪師（時間）,J・D・カー,船内時計の「時差修正（時計を1時間戻す・進める操作）」。航海中の物理的な経度移動に伴う時間変更を利用し、法的な時間と実際の物理的時間の間に「存在しない1時間」を創出したアリバイ工作。,0
B-51,斑の紐（毒）,C・ドイル,神経毒を持つ生物（ヘビ）の導入。特定のタンパク質成分による神経伝達の物理的遮断。注入された毒素の致死量と反応時間を計算した、生物学的・化学的殺害プロセス。,0
B-52,毒入りチョコ（化学）,A・バークリー,チョコレートの核（センター）へ「注射器」で液体毒（ニトロベンゼン等）を物理的に注入。脂質への溶解度と拡散速度を計算。物質の化学的性質と、食品の物理構造を組み合わせた毒物混入。,0
B-53,死の抱擁（毒）,S・S・ヴァン・ダイン,遅効性の毒物。摂取から吸収、代謝を経て致命的な作用をもたらすまでの「化学的プロセス」の遅延を利用。服用した場所と死亡場所を物理的に分離させる、生化学的な遅延工作。,0
B-54,カナリア殺人事件（科学）,S・S・ヴァン・ダイン,「絞殺痕」の物理的形状の分析。紐の太さ、加わった力のベクトル（角度）、抵抗の有無による皮膚の挫滅。力学的な痕跡から、犯人の物理的特性（身長、腕力）を科学的に特定する。,0
B-55,ベンスン殺人事件,S・S・ヴァン・ダイン,弾丸の「弾条痕（ライフリング）」のミクロ分析。銃身内の鋼鉄との摩擦による物理的刻印。特定の火器から発射されたことを物理的証拠として証明する、弾道学的鑑定プロセス。,0
B-56,僧正殺人事件,S・S・ヴァン・ダイン,「矢」の飛行曲線。重力と風向、初速による弾道の計算。物理的な投射体の運動法則に基づき、犯行が行われた座標（射点）を幾何学的に逆算する。,0
B-57,グリーン家殺人事件,S・S・ヴァン・ダイン,雪上の「足跡」の深さと形状。体重による圧力（パスカル）と、靴底の摩擦パターン。雪の物理的変形を利用して、犯人の動線と体重を物理的に記録したフィールドサイン。,0
B-58,死の翼を駆る男,R・スタウト,「航空機の燃料タンク」への不純物混入。燃焼サイクルの化学的阻害によるエンジンの物理的停止。内燃機関の熱力学的な故障を誘発し、墜落という物理現象を引き起こす遠隔破壊工作。,0
B-59,料理長が多すぎる,R・スタウト,「味覚の官能検査」。特定の成分の化学的な濃度（ppm）の差。調味料の配合比率という化学的データを、熟練した味覚受容体で検知し、偽装された料理の正体を科学的に暴く。,0
B-60,赤毛連盟（科学）,C・ドイル,「硝酸銀」の反応による写真の定着。光（電磁波）と銀塩の化学的変化。地下道内でのフラッシュ（化学発光）を利用し、暗闇での視覚情報を物理的な記録として固定するプロセス。,0
B-61,時計を持った男（科学）,C・ドイル,「クロロホルム」の揮発性と吸入による麻酔作用。中枢神経系への化学的干渉。閉鎖空間内でのガス濃度の上昇と、人間の生理的反応時間を計算した物理的な無力化。,0
B-62,空き家の冒険（弾丸）,C・ドイル,「空気銃」による高圧空気の膨張。火薬の燃焼ではなく、物理的な気体圧縮エネルギーを運動エネルギーに変換した投射。発射音が極めて小さいという音響物理的特性を利用した狙撃。,0
B-63,ボヘミアの醜聞（発煙）,C・ドイル,「発煙筒」による急速な酸化反応。二酸化炭素と微粒子の大量発生。光の透過率を物理的に低下させ、視界を遮断。人々の生理的な危機回避行動を誘発する物理的刺激。,0
B-64,黄色い部屋（科学）,G・ルルー,「銃声」の音響分析。密閉空間内での音波の反射と減衰。発射された弾丸のエネルギー（ジュール）と、壁に残された衝撃痕の物理的な深さから、発射位置を特定する。,0
B-65,火刑法廷（毒物）,J・D・カー,「砒素」の残留。死体の髪や爪に蓄積される微量元素の化学的検知。腐敗に強いという砒素の物理的特性を利用し、死後数年経過しても毒殺の証拠を保持し続ける化学的残留性。,0
B-66,三つの柩（科学）,J・D・カー,「雪の結晶」の物理的形状の変化。外気温による融解と再凍結のプロセス。足跡の周囲の雪がいつ溶けたかという熱力学的データから、犯行時の物理的環境を再現する。,0
B-67,皇帝の鼻煙壺（破片）,J・D・カー,「割れたガラス」の応力分布。衝撃が加わった点から放射状に広がる物理的亀裂。破片の飛散方向のベクトル解析により、ガラスが内側から割れたか外側からかを力学的に判定する。,0
B-68,ユダの窓（成分）,J・D・カー,「睡眠薬」の血中濃度。胃の内容物の消化状態という生物化学的時計。成分が血液脳関門を通過するまでの時間を計算し、意識を失った正確な時刻を特定する。,0
B-69,緑のカプセル（色彩）,J・D・カー,「補色」による視覚的残像。特定の色の光を浴びた後の網膜の化学的疲労。目撃者が直後に見た「白」が別の色に見えるという、生理学的な色彩知覚の誤認工作。,0
B-70,嘲笑う後家（インク）,J・D・カー,「インクの乾燥速度」。溶媒の蒸発速度（物理変化）と、紙繊維への浸透深度。記述がいつ行われたかを、化学的な経時変化の状態から物理的に推定するプロセス。,0
B-71,毒入りチョコ（毒分析）,A・バークリー,毒物の「苦味」を打ち消すための甘味料の配合。味覚受容体の閾値を化学的に計算。毒の味という負の特徴を、別の化学物質で中和・隠蔽した、味覚の化学的マスキング。,0
B-72,樽（重量）,F・W・クロフツ,「樽の総質量」の変化。死体と緩衝材（木屑）の密度計算。内容物が液体から固体（人体）に入れ替わった際、重心の位置と慣性モーメントの変化を物理的に検知し、内容物の不正を暴く。,0
B-73,クロイドン（科学）,F・W・クロフツ,「一酸化炭素」のヘモグロビン結合。酸素輸送の物理的阻害による窒息。排気ガスの導入という物理的経路と、血中のカルボキシヘモグロビン形成という化学反応の連動。,0
B-74,寝台急行（毒）,F・W・クロフツ,「モルヒネ」の皮下注射。毛細血管からの吸収速度。特定の薬理作用が現れるまでの時間を計算。物理的な注入箇所と、体循環による成分の拡散プロセス。,0
B-75,アリバイ（指紋）,F・W・クロフツ,「指紋」の脂肪分による付着。分泌物と物体の表面張力。粉末法（物理的吸着）や液体法（化学反応）による潜伏指紋の可視化。隆線という固有の物理パターンの照合。,0
B-76,刺青殺人（薬学）,高木彬光,「青酸カリ」のミトコンドリア電子伝達系への干渉。細胞呼吸の化学的停止。アーモンド臭という特有の揮発成分の化学的検知。瞬時に全細胞のエネルギー代謝を止める化学的即死プロセス。,0
B-77,人形はなぜ（保存）,高木彬光,「ホルマリン」によるタンパク質の変性（固定）。細胞の物理的崩壊（腐敗）の化学的阻害。組織を硬化させ、死体の物理的状態を一定期間、静止画のように固定する化学的保存。,0
B-78,病院坂（血液）,横溝正史,「ルミノール反応」。血液中のヘモグロビンと試薬の酸化還元反応による化学発光。肉眼で見えない微量の物理的痕跡を、エネルギー変換（光）によって科学的に可視化する。,0
B-79,本陣（血液型）,横溝正史,「ABO式血液型」の凝集反応。抗原と抗体の特異的な結合という生化学的現象。現場に残された血液の物理的サンプルから、個体識別を行うための免疫学的分類。,0
B-80,獄門島（生理）,横溝正史,「死後硬直」の進行度。ATPの枯渇による筋肉繊維の物理的な固定化。環境温度と筋肉量に基づいた硬直曲線の計算。人体の物理的変化から、逆算的に死亡時刻を科学的に推定する。,0
B-81,盗まれた手紙,E・A・ポー,「カモフラージュ」。重要な物体を、ありふれた日用品の群れの中に配置。周囲の物体との視覚的な差異（コントラスト）を最小化し、認識の閾値を下げる空間的な隠匿。存在の風景化。,0
B-82,モルグ街の殺人,E・A・ポー,「煙突の内部空間」。通常の人間が入れない垂直方向の狭隘スペース。柔軟な骨格を持つ動物（オランウータン）の物理的体積と、煙突の幾何学的内径の整合性を利用した、死体の垂直隠匿。,0
B-83,黄金虫,E・A・ポー,"「座標計算」。特定の樹木と骸骨という固定点（定点）から、特定の角度で重りを垂らし、地面への投影点を決定する。二次元平面上の幾何学的な座標（X,Y）の特定による埋蔵物の隠し場所。",0
B-84,透明人間（空間）,G・K・チェスタトン,「視覚の死角」。物体の背後、あるいは特定の入射角においてのみ不可視となる座標。空間内の障害物の配置と、観測者の視点のベクトル。物理的には存在するが、光学的・心理的に遮断された空間の利用。,0
B-85,姿なき男,G・K・チェスタトン,「二重底」。容器の物理的容積の一部を、偽の底板で仕切る。外部から測定した体積と、内部で使用可能な体積の間に生じる「隠しスペース」。幾何学的な引き算による空間創出。,0
B-86,隠れ家,江戸川乱歩,「壁内部の空間」。家の設計図に記載されていない、二つの部屋の間に存在する余分な厚み。建築物の外寸と内寸の物理的乖離を利用した、人間の空間的消去。空間の幾何学的偽装。,0
B-87,人間椅子（空間）,江戸川乱歩,「物体の内部空洞」。椅子の構造材を回避し、人体の体積を収容するための、人間工学的な空きスペースの確保。物体の外形を維持したまま、中身を置換する物理的な体積操作。,0
B-88,パノラマ島（配置）,江戸川乱歩,「遠近法の逆用」。遠くにある巨大な物体を、近くにある小さな物体のように見せかける配置。物体の絶対的な大きさと、視角（見かけの大きさ）の間の幾何学的矛盾を利用した空間的偽装。,0
B-89,一寸法師（幾何学）,江戸川乱歩,「鏡像の対称性」。部屋の半分を巨大な鏡で覆い、対称な配置を映し出す。実際には半分しかない空間を、鏡による反転像で「完全な一部屋」に見せかける。空間の幾何学的倍増トリック。,0
B-90,黒蜥蜴（空間配置）,江戸川乱歩,「家具の配置による死角」。特定の視点から死体が見えないように、大型の調度品を幾何学的に配置。視線という直線を遮断するための、物体の座標計算。視界の幾何学的制御。,0
B-91,吸血鬼（空間）,江戸川乱歩,「地下通路の動線」。屋敷のA点からB点へ、地上の最短距離を無視して移動する地下の物理的パイプライン。目撃者の時間距離計算を裏切る、三次元的な空間バイパスの利用。,0
B-92,緑衣の鬼（配置）,江戸川乱歩,「樹上の死角」。人間の視線が通常向かない、垂直方向の高い座標。葉の密度（不透明度）を利用したカモフラージュ。重力に反した位置への配置による、空間的な先入観の破壊。,0
B-93,嘲笑う後家（配置）,J・D・カー,「物陰の死角」。部屋の入り口から死角となる家具の裏に、死体を配置。扉が開く半径と、入室者の視界の扇形範囲を幾何学的に計算。入室の瞬間、物理的に視界に入らない座標の利用。,0
B-94,皇帝の鼻煙壺（空間）,J・D・カー,「鏡の設置角度」。特定の角度（90度など）で配置された鏡による、虚像の投影。自分はA地点にいるが、鏡によってB地点にいるかのように光を屈折させる。光学的な空間座標の偽装。,0
B-95,三つの柩（幾何学）,J・D・カー,「雪上の動線」。一方向だけの足跡。特定の歩き方（後ろ歩き）や、以前の足跡の再利用による、移動のベクトル偽装。地面に残された幾何学的パターンの改ざん。,0
B-96,ユダの窓（空間）,J・D・カー,「窓の格子間隔」。物理的な格子の幅（Cm）と、物体の通過可能性。格子の幾何学的形状を一時的に歪め、あるいは隙間を利用して物体を密室外へ排出する、物理的直径の計算。,0
B-97,密室の境界（幾何学）,J・D・カー,「建築的隙間」。ドアの合わせ目の数ミリの隙間。この空間を介して、外部から内部の物理的操作を行うための、糸や針の物理的直径の計算。隙間という負の空間の利用。,0
B-98,占星術（幾何学）,島田荘司,「死体の分割と再構成」。6体の遺体を切断し、それぞれ一部を廃棄。残った断片を組み合わせ、あたかも6体分が揃っているかのように空間的に配置。総体積を維持したまま、個体数を偽装する幾何学的分割。,0
B-99,斜め屋敷（座標）,島田荘司,「建物の傾斜角」。水平線からの角度（度）。床を転がる物体の加速度ベクトルが、通常の重力方向（垂直）からズレることを利用。物理的な座標系そのものを歪めた、位置エネルギーの再定義。,0
B-100,十角館の殺人,綾辻行人,「建物の平面形状」。正十角形の対称性と、各頂点に配置された部屋の同一性。回転対称を利用し、自分が今どの部屋にいるかという空間的定位を喪失させる。建築の幾何学的反復による、座標の誤認。,0
B-101,水車館の殺人,綾辻行人,「建築の左右対称構造」。建物の半分がもう半分と完全な鏡像関係にある。特定の通路を通る際、右に曲がったか左に曲がったかの認識を空間的に反転させる、幾何学的対称性の悪用。,0
B-102,迷路館の殺人,綾辻行人,「トポロジーの迷路」。閉鎖された通路の接続関係。複数の部屋が複雑なネットワーク状に連結され、最短距離の把握を困難にする。空間の接続行列を複雑化させ、移動時間を増大させる幾何学的迷路。,0
B-103,びっくり館の殺人,綾辻行人,「隠し階段の垂直移動」。一階のA点と二階のB点を、メイン階段を介さず直接繋ぐ物理的経路。屋敷の外形寸法からは予測できない、内部空間の余剰。三次元的な空間のショートカット。,0
B-104,本陣（幾何学配置）,横溝正史,「雪上の円環」。死体の周囲に円を描くように配置された物理的証拠。中心点（死体）からの等距離配置。幾何学的な図形を現場に残すことで、犯行の機械的プロセスを暗示させる空間工作。,0
B-105,獄門島（幾何学）,横溝正史,「三つの死体の三角形配置」。島の異なる三地点に死体を配置。それぞれの地点を頂点とする巨大な三角形という、広域の地理的座標を利用した空間演出。地図上の幾何学的パターンの構築。,0
B-106,八墓村（鍾乳洞）,横溝正史,「洞窟の三次元構造」。垂直の穴（竪穴）と水平の通路の組み合わせ。地上からは到達不可能な座標への、三次元的なアクセス経路の確保。多孔質な空間を利用した、物理的な逃走と隠匿。,0
B-107,犬神家（幾何学）,横溝正史,「湖面の垂直反射」。湖に突き刺さった足（逆さのV字）。水面の水平線に対して垂直に突き出た物体の配置。静止した水面の光学反射を利用した、上下反転の幾何学的視覚演出。,0
B-108,悪魔の手毬唄（配置）,横溝正史,「死体の装飾的配置」。特定の伝統的意匠（手毬や秤）と死体を空間的に統合。物体の配置による象徴的パターンの形成。空間の再定義による、殺人を装飾へと変換する空間工作。,0
B-109,三首塔（幾何学）,横溝正史,「垂直方向の死角」。塔のらせん構造において、上層から下層を見下ろした際の、中心軸周囲の不可視領域。らせんの回転角に応じた死角の発生。円柱座標系を利用した空間的隠匿。,0
B-110,迷路（空間認識）,綾辻行人,「壁の可動パネル」。壁の一部が回転またはスライド。それにより通路の接続トポロジーが変化。部屋AとBの接続を瞬時に切断し、空間の隣接関係を動的に変更する機械的・空間的ギミック。,0